City_ID,City,Lat,Lng,Max Temp,Humidity,Cloudiness,Wind Speed,Country,Date
0,arnedo,42.2167,-2.1,-0.28,90,93,5.31,ES,1674541576
1,ushuaia,-54.8,-68.3,7.81,93,0,4.63,AR,1674541591
2,albany,42.6001,-73.9662,-0.74,85,77,4.03,US,1674541592
3,barrow,71.2906,-156.7887,-20.99,77,100,7.2,US,1674541593
4,hermanus,-34.4187,19.2345,21.0,75,8,10.41,ZA,1674541593
5,lorengau,-2.0226,147.2712,27.3,79,100,1.07,PG,1674541594
6,rikitea,-23.1203,-134.9692,26.18,74,0,6.92,PF,1674541594
7,arraial do cabo,-22.9661,-42.0278,23.28,94,100,3.27,BR,1674541594
8,port alfred,-33.5906,26.891,25.66,70,60,3.13,ZA,1674541595
9,kapaa,22.0752,-159.319,23.18,86,0,2.06,US,1674541595
10,bethel,41.3712,-73.414,1.53,74,100,3.09,US,1674541595
11,puerto ayora,-0.7393,-90.3518,23.08,95,64,0.91,EC,1674541596
12,iqaluit,63.7506,-68.5145,-25.15,75,100,3.09,CA,1674541598
13,klaksvik,62.2266,-6.589,8.51,97,100,9.78,FO,1674541599
14,lipetsk,52.6031,39.5708,-9.76,93,10,1.58,RU,1674541599
15,chachapoyas,-6.2317,-77.869,11.9,95,93,0.42,PE,1674541600
16,grand gaube,-20.0064,57.6608,25.22,82,100,1.61,MU,1674541602
17,bluff,-46.6,168.3333,13.66,62,8,6.42,NZ,1674541603
18,buala,-8.145,159.5921,24.54,94,100,0.15,SB,1674541603
19,poum,-20.2333,164.0167,26.8,76,100,1.95,NC,1674541604
20,qaanaaq,77.484,-69.3632,-23.36,67,92,3.07,GL,1674541605
21,narsaq,60.9167,-46.05,-7.88,96,100,3.76,GL,1674541605
22,yanam,16.7333,82.2167,28.66,43,26,3.12,IN,1674541610
23,farim,12.4839,-15.2217,17.59,74,23,1.57,GW,1674541612
24,provideniya,64.3833,-173.3,-20.2,85,0,5.79,RU,1674541613
25,nacala,-14.5428,40.6728,25.16,81,96,6.14,MZ,1674541613
26,burnie,-41.0667,145.9167,23.3,49,9,3.83,AU,1674541613
27,punta arenas,-53.15,-70.9167,7.06,70,0,7.72,CL,1674541614
28,byron bay,-28.65,153.6167,25.39,74,9,6.26,AU,1674541560
29,thompson,55.7435,-97.8558,-32.91,75,0,0.0,CA,1674541630
30,esperance,-33.8667,121.9,27.26,50,0,7.24,AU,1674541631
31,bengkulu,-3.8004,102.2655,24.92,88,100,4.35,ID,1674541273
32,kokstad,-30.5472,29.4241,22.76,56,5,1.74,ZA,1674541633
33,carnarvon,-24.8667,113.6333,29.1,59,46,5.82,AU,1674541634
34,chuncheng,22.1731,111.7886,15.76,49,62,7.41,CN,1674541635
35,bambous virieux,-20.3428,57.7575,25.14,88,75,3.09,MU,1674541636
36,ilulissat,69.2167,-51.1,-4.99,58,100,10.29,GL,1674541638
37,quatre cocos,-20.2078,57.7625,25.06,78,100,1.6,MU,1674541639
38,tilichiki,60.4667,166.1,-16.92,87,100,6.01,RU,1674541643
39,saskylakh,71.9167,114.0833,-22.58,88,100,1.35,RU,1674541643
40,hede,33.7681,120.2517,-4.42,18,19,8.72,CN,1674541644
41,oyama,36.3,139.8,9.45,41,85,3.82,JP,1674541511
42,mount gambier,-37.8333,140.7667,22.69,46,34,4.42,AU,1674541645
43,hithadhoo,-0.6,73.0833,27.05,76,62,5.81,MV,1674541645
44,hasaki,35.7333,140.8333,12.94,54,99,7.23,JP,1674541645
45,puerto maldonado,-12.6,-69.1833,23.02,93,99,1.3,PE,1674541647
46,hobart,-42.8794,147.3294,23.92,59,40,5.66,AU,1674541407
47,vila franca do campo,37.7167,-25.4333,15.23,79,73,6.03,PT,1674541648
48,goroka,-6.0834,145.3873,20.79,84,100,1.26,PG,1674541650
49,khatanga,71.9667,102.5,-40.57,95,34,3.0,RU,1674541650
50,kodiak,57.79,-152.4072,3.73,81,40,2.57,US,1674541651
51,tashtagol,52.7657,87.8894,-10.62,92,100,3.95,RU,1674541651
52,kyenjojo,0.6328,30.6214,22.39,50,100,0.55,UG,1674541663
53,cocorit,27.5833,-109.9667,9.94,34,42,3.71,MX,1674541663
54,sibolga,1.7427,98.7792,26.78,76,100,1.2,ID,1674541664
55,new norfolk,-42.7826,147.0587,23.72,53,36,1.79,AU,1674541664
56,mar del plata,-38.0023,-57.5575,18.26,80,0,4.92,AR,1674541665
57,saint-philippe,-21.3585,55.7679,25.77,83,100,3.99,RE,1674541668
58,panjab,34.388,67.0233,-14.63,82,26,1.57,AF,1674541669
59,bredasdorp,-34.5322,20.0403,21.05,56,0,7.93,ZA,1674541550
60,muzhi,65.3667,64.6667,-5.76,91,100,2.53,RU,1674541671
61,derzhavinsk,51.1,66.3167,-16.94,100,99,1.48,KZ,1674541672
62,yellowknife,62.456,-114.3525,-14.69,85,100,4.63,CA,1674541675
63,atikokan,48.7555,-91.6216,-16.19,99,95,1.5,CA,1674541676
64,poso,-1.3959,120.7524,29.73,66,100,1.94,ID,1674541676
65,salalah,17.0151,54.0924,25.05,57,40,2.57,OM,1674541678
66,busselton,-33.65,115.3333,28.67,42,11,9.56,AU,1674541678
67,petrokamenskoye,57.716,60.6484,-9.12,89,16,4.15,RU,1674541679
68,rio gallegos,-51.6226,-69.2181,7.03,65,0,2.06,AR,1674541679
69,mataura,-46.1927,168.8643,17.75,48,10,2.76,NZ,1674541681
70,nikolskoye,59.7035,30.7861,-3.06,89,100,4.55,RU,1674541682
71,ribeira grande,38.5167,-28.7,15.99,83,34,10.28,PT,1674541684
72,chokurdakh,70.6333,147.9167,-35.08,99,97,1.55,RU,1674541685
73,sao joao da barra,-21.6403,-41.0511,23.69,93,100,2.37,BR,1674541686
74,muli,2.9167,73.5667,27.04,73,100,4.83,MV,1674541687
75,manakara,-22.1333,48.0167,22.83,97,100,1.98,MG,1674541687
76,kaitong,44.8135,123.15,-16.71,29,1,5.19,CN,1674541689
77,lazaro cardenas,17.9583,-102.2,21.39,79,3,2.33,MX,1674541689
78,wattegama,6.7989,81.4808,27.02,75,99,3.79,LK,1674541690
79,kavieng,-2.5744,150.7967,29.21,70,85,4.15,PG,1674541691
80,vardo,70.3705,31.1107,-2.01,74,75,14.4,NO,1674541692
81,san patricio,28.017,-97.5169,18.93,73,94,7.05,US,1674541692
82,hohhot,40.8106,111.6522,-16.84,32,0,3.0,CN,1674541693
83,yei,4.095,30.6779,25.08,30,71,1.6,SS,1674541694
84,cape town,-33.9258,18.4232,19.23,86,75,7.72,ZA,1674541695
85,gat,31.61,34.7642,18.0,100,0,0.84,IL,1674541704
86,kununurra,-15.7667,128.7333,35.99,46,40,4.63,AU,1674541446
87,menongue,-14.6585,17.691,16.4,94,97,2.86,AO,1674541706
88,castro,-24.7911,-50.0119,15.5,96,77,0.6,BR,1674541707
89,faya,18.3851,42.4509,14.06,67,6,1.23,SA,1674541708
90,avarua,-21.2078,-159.775,24.03,94,96,1.03,CK,1674541708
91,cidreira,-30.1811,-50.2056,23.31,89,1,3.88,BR,1674541708
92,ngunguru,-35.6167,174.5,19.75,78,100,5.85,NZ,1674541709
93,port elizabeth,-33.918,25.5701,22.28,85,75,10.29,ZA,1674541610
94,ocean city,39.2776,-74.5746,3.33,66,39,4.92,US,1674541709
95,harper,4.375,-7.7169,25.41,85,47,2.42,LR,1674541710
96,prince rupert,54.3161,-130.3201,6.83,88,100,5.66,CA,1674541710
97,waingapu,-9.6567,120.2641,30.21,61,88,3.48,ID,1674541719
98,benito juarez,19.385,-99.165,15.0,58,0,3.6,MX,1674541720
99,buraydah,26.326,43.975,14.25,60,29,5.65,SA,1674541724
100,thunder bay,48.4001,-89.3168,-5.01,63,100,3.09,CA,1674541724
101,calvinia,-31.4707,19.776,13.4,70,14,4.52,ZA,1674541728
102,flin flon,54.7682,-101.865,-21.62,100,100,1.75,CA,1674541730
103,biak,-0.9131,122.8766,28.29,71,100,0.54,ID,1674541731
104,vaini,-21.2,-175.2,28.09,89,75,3.6,TO,1674541732
105,cabo san lucas,22.8909,-109.9124,17.61,72,95,0.89,MX,1674541733
106,mahebourg,-20.4081,57.7,25.16,88,75,3.09,MU,1674541733
107,tasiilaq,65.6145,-37.6368,-8.91,66,100,1.8,GL,1674541734
108,pundaguitan,6.3711,126.1689,25.7,88,100,4.68,PH,1674541735
109,djibo,14.1022,-1.6306,22.46,19,22,2.46,BF,1674541735
110,bara,10.3744,10.7288,19.38,23,36,3.12,NG,1674541736
111,labuhan,-6.8844,112.2051,29.97,67,92,3.49,ID,1674541737
112,longyearbyen,78.2186,15.6401,-4.09,74,75,3.6,SJ,1674541753
113,kot samaba,28.5522,70.4684,18.31,16,17,5.24,PK,1674541753
114,faanui,-16.4833,-151.75,26.24,77,100,7.95,PF,1674541753
115,rosarito,32.3333,-117.0333,11.18,41,0,1.81,MX,1674541754
116,chapais,49.7834,-74.8492,-6.12,95,100,3.91,CA,1674541755
117,nouadhibou,20.931,-17.0347,15.99,72,0,8.75,MR,1674541755
118,pingliang,35.5392,106.6861,-4.45,21,2,4.92,CN,1674541757
119,half moon bay,37.4636,-122.4286,11.88,52,0,2.57,US,1674541765
120,katsuura,35.1333,140.3,12.03,51,100,13.47,JP,1674541647
121,moose factory,51.2585,-80.6094,-16.0,78,100,5.14,CA,1674541766
122,butaritari,3.0707,172.7902,27.36,80,54,7.67,KI,1674541767
123,richards bay,-28.783,32.0377,26.88,64,1,5.08,ZA,1674541790
124,banikoara,11.2985,2.4386,22.33,23,1,2.14,BJ,1674541794
125,aksu,41.1231,80.2644,-10.8,67,39,0.85,CN,1674541797
126,boueni,-12.9025,45.0761,28.99,79,99,8.88,YT,1674541798
127,mount isa,-20.7333,139.5,36.87,20,96,2.06,AU,1674541799
128,naze,28.3667,129.4833,8.51,77,100,15.2,JP,1674541659
129,centralia,46.7162,-122.9543,5.49,96,100,1.54,US,1674541817
130,padang,-0.9492,100.3543,28.03,88,100,2.15,ID,1674541550
131,pevek,69.7008,170.3133,-27.73,79,79,1.51,RU,1674541832
132,touros,-5.1989,-35.4608,25.48,80,73,4.44,BR,1674541835
133,yulara,-25.2406,130.9889,34.93,15,88,1.62,AU,1674541733
134,sidi ali,36.0998,0.4206,4.15,80,100,2.76,DZ,1674541848
135,jacobina,-11.1806,-40.5183,19.9,96,57,1.17,BR,1674541855
136,sitrah,26.1547,50.6206,20.53,68,0,1.03,BH,1674541858
137,wanaka,-44.7,169.15,23.95,38,27,3.13,NZ,1674541800
138,caravelas,-17.7125,-39.2481,24.77,88,100,3.63,BR,1674541861
139,balkanabat,39.5108,54.3671,2.86,31,0,1.57,TM,1674541861
140,port hardy,50.6996,-127.4199,5.1,100,100,4.12,CA,1674541862
141,cherskiy,68.75,161.3,-29.02,96,100,0.63,RU,1674541866
142,chiapa,18.4669,-96.945,13.59,95,65,1.4,MX,1674541871
143,kalmunai,7.4167,81.8167,26.84,73,90,5.86,LK,1674541871
144,morant bay,17.8815,-76.4093,24.79,81,6,4.91,JM,1674541872
145,geraldton,-28.7667,114.6,27.23,61,2,7.72,AU,1674541872
146,puerto del rosario,28.5004,-13.8627,17.86,59,75,7.72,ES,1674541876
147,cockburn town,21.4612,-71.1419,25.34,68,0,6.97,TC,1674541878
148,baherden,38.4362,57.4316,0.92,42,0,3.81,TM,1674541879
149,bohunovice,49.663,17.2869,1.83,90,50,4.14,CZ,1674541880
150,poya,-21.35,165.15,27.58,80,34,1.81,NC,1674541880
151,russkaya polyana,49.417,31.9201,-1.82,82,95,2.74,UA,1674541888
152,beringovskiy,63.05,179.3167,-24.29,98,98,5.81,RU,1674541890
153,havelock,34.8791,-76.9013,5.99,76,0,0.45,US,1674541891
154,brigantine,39.4101,-74.3646,3.34,67,100,9.26,US,1674541891
155,emirdag,39.0197,31.15,6.64,62,0,0.15,TR,1674541892
156,nome,64.5011,-165.4064,-17.96,65,0,9.77,US,1674541893
157,mapiripan,2.8892,-72.1256,23.27,80,99,1.19,CO,1674541894
158,wladyslawowo,54.7909,18.4009,-0.12,74,79,2.12,PL,1674541895
159,yining,29.0361,114.5636,5.0,30,0,3.87,CN,1674541897
160,belyy yar,53.6039,91.3903,-12.86,74,100,0.0,RU,1674541897
161,ucluelet,48.9329,-125.5528,7.27,91,100,0.75,CA,1674541900
162,eureka,40.8021,-124.1637,5.7,90,7,0.45,US,1674541900
163,aklavik,68.2191,-135.0107,-22.4,98,100,4.56,CA,1674541928
164,leningradskiy,69.3833,178.4167,-31.58,92,21,3.98,RU,1674541931
165,luderitz,-26.6481,15.1594,19.96,62,0,7.1,NA,1674541945
166,yima,34.7381,111.8839,-3.13,13,0,4.01,CN,1674541987
167,grindavik,63.8424,-22.4338,5.97,100,100,6.17,IS,1674541992
168,dennery,13.8996,-60.8879,26.05,81,40,9.77,LC,1674542021
169,sangar,63.9242,127.4739,-46.92,97,60,1.54,RU,1674542022
170,rincon,32.296,-81.2354,7.7,85,0,2.06,US,1674542024
171,nemuro,43.3236,145.575,-1.92,64,100,3.78,JP,1674542024
172,clemson,34.6834,-82.8374,0.38,80,0,1.54,US,1674542027
173,fortuna,40.5982,-124.1573,5.52,95,0,4.12,US,1674542027
174,irsha,55.9269,94.7911,-10.99,90,100,4.88,RU,1674542028
175,aykhal,66.0,111.5,-27.61,85,100,2.32,RU,1674542028
176,ayan,56.45,138.1667,-28.25,73,100,3.78,RU,1674542029
177,upernavik,72.7868,-56.1549,-22.01,93,100,4.02,GL,1674542030
178,jamestown,42.097,-79.2353,-1.66,64,100,8.23,US,1674542032
179,payo,-3.7508,103.6372,30.11,61,100,2.46,ID,1674542033
180,paamiut,61.994,-49.6678,-2.52,94,100,9.17,GL,1674542033
181,cayenne,4.9333,-52.3333,24.02,83,20,2.06,GF,1674542034
182,hay river,60.8156,-115.7999,-11.01,85,75,2.06,CA,1674542035
183,ponta do sol,32.6667,-17.1,16.35,62,6,3.52,PT,1674542035
184,amga,60.8953,131.9608,-35.31,98,100,0.6,RU,1674542035
185,kuala lumpur,3.1431,101.6865,27.3,92,20,2.57,MY,1674541749
186,toktogul,41.8708,72.9402,-7.36,74,1,0.56,KG,1674542036
187,wilmington,34.2257,-77.9447,4.38,70,0,2.06,US,1674541905
188,sabang,5.8933,95.3214,25.67,86,94,9.77,ID,1674542036
189,leshukonskoye,64.8989,45.7622,-11.64,91,13,4.59,RU,1674542037
190,tanete,-3.9443,119.7848,30.12,63,100,4.22,ID,1674542037
191,staryy oskol,51.2967,37.8417,-4.65,76,90,2.12,RU,1674542039
192,grenada,37.1882,-3.6067,0.93,87,0,1.03,ES,1674542041
193,porto novo,6.4965,2.6036,26.9,83,72,0.85,BJ,1674542042
194,atuona,-9.8,-139.0333,26.27,77,4,9.21,PF,1674542042
195,nanzhou,29.3596,112.4024,6.16,17,0,5.58,CN,1674542043
196,karratha,-20.7377,116.8463,31.76,53,69,6.22,AU,1674542044
197,rio cuarto,-33.1307,-64.3499,26.93,60,0,5.14,AR,1674542046
198,georgetown,5.4112,100.3354,29.99,70,20,3.6,MY,1674542034
199,vigrestad,58.5667,5.7,6.82,97,100,3.14,NO,1674542047
200,iracoubo,5.4802,-53.2011,24.22,78,53,5.18,GF,1674542048
201,shira,54.4911,89.9531,-9.74,68,100,2.28,RU,1674542049
202,san cristobal,7.7669,-72.225,17.33,82,63,1.67,VE,1674542050
203,vestmanna,62.1564,-7.1664,7.51,100,100,4.63,FO,1674542051
204,petropavlovsk-kamchatskiy,53.0452,158.6483,-14.67,56,20,2.0,RU,1674542051
205,salta,-24.7859,-65.4117,19.33,86,0,2.57,AR,1674542053
206,talnakh,69.4865,88.3972,-29.33,95,55,3.45,RU,1674542056
207,opotiki,-38.0833,177.2833,20.21,90,78,2.0,NZ,1674542057
208,laguna,38.421,-121.4238,9.05,80,0,1.54,US,1674542058
209,vanimo,-2.6741,141.3028,24.3,94,100,2.2,PG,1674542059
210,nanortalik,60.1432,-45.2371,-1.56,97,100,3.14,GL,1674542060
211,port hedland,-20.3167,118.5667,31.03,66,40,7.72,AU,1674542060
212,lebu,-37.6167,-73.65,15.31,93,100,6.48,CL,1674542061
213,progreso,21.2833,-89.6667,24.06,86,0,4.43,MX,1674542062
214,atar,20.5169,-13.0499,17.37,19,0,3.03,MR,1674542078
215,avera,33.194,-82.5271,1.73,74,0,2.37,US,1674542080
216,saldanha,-33.0117,17.9442,21.03,76,34,6.6,ZA,1674542082
217,tuscaloosa,33.2098,-87.5692,1.23,92,0,0.0,US,1674542083
218,rio de janeiro,-22.9028,-43.2075,24.98,88,100,3.6,BR,1674542083
219,orlik,52.5178,99.825,-15.68,78,61,0.66,RU,1674542091
220,alta floresta,-9.8756,-56.0861,21.3,99,100,0.81,BR,1674542092
221,oda,35.1833,132.5,-2.57,83,100,15.04,JP,1674542053
222,bandarbeyla,9.4942,50.8122,25.6,58,100,9.15,SO,1674542095
223,kaitangata,-46.2817,169.8464,13.52,65,36,3.39,NZ,1674542096
224,flinders,-34.5833,150.8552,26.7,72,94,2.68,AU,1674542097
225,santa luzia,-19.7697,-43.8514,20.5,94,100,0.0,BR,1674542100
226,nuuk,64.1835,-51.7216,-2.5,92,100,8.27,GL,1674542102
227,kruisfontein,-34.0033,24.7314,21.05,66,86,9.3,ZA,1674542103
228,kloulklubed,7.0419,134.2556,23.28,84,100,6.0,PW,1674542104
229,lakes entrance,-37.8811,147.981,21.76,69,100,3.19,AU,1674542105
230,san quintin,30.4833,-115.95,11.61,43,0,2.68,MX,1674542111
231,bambanglipuro,-7.95,110.2833,29.83,67,89,5.12,ID,1674542112
232,tamale,9.4008,-0.8393,26.51,59,0,2.38,GH,1674542114
233,port-cartier,50.0334,-66.8654,-10.18,96,41,2.66,CA,1674542115
234,matam,15.6175,-13.3303,19.0,59,0,1.03,SN,1674542117
235,sao cristovao,-11.0147,-37.2064,25.95,83,40,2.57,BR,1674542117
236,dikson,73.5069,80.5464,-21.93,96,100,16.96,RU,1674542119
237,souillac,-20.5167,57.5167,25.21,88,75,3.09,MU,1674542119
238,wakkanai,45.4094,141.6739,-10.01,73,100,10.8,JP,1674542121
239,makakilo city,21.3469,-158.0858,25.18,70,100,2.06,US,1674542122
240,alihe,50.5667,123.7167,-17.52,67,83,4.07,CN,1674542123
241,tecpatan,17.1333,-93.3,19.32,99,71,0.88,MX,1674542123
242,victoria,22.2855,114.1577,18.31,44,94,8.49,HK,1674541846
243,east london,-33.0153,27.9116,25.52,69,0,5.14,ZA,1674542125
244,ayotzintepec,17.6667,-96.1333,21.03,98,70,0.53,MX,1674542130
245,waynesville,35.4887,-82.9887,-1.41,80,5,2.24,US,1674542131
246,bobovdol,42.3697,23.0172,2.46,89,100,1.4,BG,1674542132
247,komsomolskiy,40.4272,71.7189,-1.6,64,4,1.03,UZ,1674542141
248,saint-joseph,-21.3667,55.6167,25.21,86,100,2.17,RE,1674542150
249,tuatapere,-46.1333,167.6833,14.79,60,5,2.58,NZ,1674542157
250,angoram,-4.0625,144.0661,27.23,84,100,2.34,PG,1674542158
251,axim,4.8699,-2.2405,26.14,86,58,1.63,GH,1674542158
252,saint george,37.1041,-113.5841,1.33,58,0,1.79,US,1674542159
253,aripuana,-9.1667,-60.6333,21.85,97,99,0.67,BR,1674542164
254,brookhaven,31.5791,-90.4407,3.81,94,62,2.13,US,1674542164
255,paris,48.8534,2.3488,2.19,86,100,6.17,FR,1674542150
256,chuy,-33.6971,-53.4616,15.8,80,0,1.22,UY,1674542169
257,churapcha,62.0025,132.4325,-38.24,95,100,1.9,RU,1674542174
258,baykit,61.67,96.37,-27.74,95,81,1.0,RU,1674542178
259,itarema,-2.9248,-39.9167,23.93,88,33,2.01,BR,1674542180
260,barentu,15.1139,37.5928,24.45,48,0,2.39,ER,1674542180
261,pedernales,18.0384,-71.744,23.52,51,12,2.18,DO,1674542182
262,murgab,37.4966,61.9714,-4.07,74,0,5.14,TM,1674542219
263,alexandria,31.2156,29.9553,14.3,65,0,5.02,EG,1674542022
264,srednekolymsk,67.45,153.6833,-30.76,94,100,0.94,RU,1674542227
265,ostrovnoy,68.0531,39.5131,-3.14,89,100,9.47,RU,1674542228
266,jilib,0.4883,42.7854,32.06,43,76,4.75,SO,1674542229
267,ust-nera,64.5667,143.2,-38.45,100,31,0.46,RU,1674542233
268,port blair,11.6667,92.75,29.02,65,40,5.66,IN,1674542233
269,bereda,43.2686,-7.5406,3.41,100,18,3.55,ES,1674542234
270,goure,13.9835,10.2704,19.73,17,12,3.35,NE,1674542236
271,port lincoln,-34.7333,135.8667,19.77,64,0,7.18,AU,1674542237
272,pandrup,57.2215,9.6757,0.95,86,75,5.14,DK,1674542239
273,huilong,31.8111,121.655,-0.04,35,68,11.37,CN,1674542240
274,tiksi,71.6872,128.8694,-33.59,99,100,1.66,RU,1674542240
275,severo-kurilsk,50.6789,156.125,-8.22,59,91,3.43,RU,1674542241
276,dingle,10.9995,122.6711,26.74,81,38,7.48,PH,1674542242
277,thinadhoo,0.5333,72.9333,26.78,78,100,6.28,MV,1674542247
278,brae,60.3964,-1.353,9.4,98,100,9.47,GB,1674542249
279,terme,41.2092,36.9739,6.96,83,100,1.36,TR,1674542250
280,fairbanks,64.8378,-147.7164,-20.78,76,20,0.0,US,1674542252
281,bongaree,-27.0797,153.1586,27.26,75,42,5.5,AU,1674542253
282,sojat,25.9167,73.6667,20.54,35,0,3.23,IN,1674542212
283,kamenka,51.3223,42.7678,-6.29,74,78,2.69,RU,1674542260
284,lata,40.1629,-8.3327,4.49,81,3,2.19,PT,1674542260
285,rawlins,41.7911,-107.2387,-8.06,67,0,2.06,US,1674542264
286,kudahuvadhoo,2.6708,72.8944,26.47,78,84,6.78,MV,1674542265
287,dondo,-19.6094,34.7431,27.73,74,74,2.47,MZ,1674542266
288,calama,-22.4667,-68.9333,10.27,71,0,1.54,CL,1674542271
289,sunnyside,46.3237,-120.0087,0.86,93,0,0.0,US,1674542272
290,yumen,40.2833,97.2,-9.69,35,1,11.2,CN,1674542273
291,santa maria,-29.6842,-53.8069,19.33,71,0,2.23,BR,1674542274
292,copiapo,-27.3667,-70.3333,15.83,78,0,0.33,CL,1674542278
293,broome,42.2506,-75.833,0.01,86,100,2.24,US,1674542279
294,kawalu,-7.3817,108.2082,31.6,50,87,1.44,ID,1674542283
295,urumqi,43.801,87.6005,-17.47,66,0,2.0,CN,1674541936
296,caraballeda,10.6112,-66.8522,25.2,83,40,0.0,VE,1674542299
297,nieuw amsterdam,5.8833,-55.0833,23.34,89,59,4.33,SR,1674542304
298,ancud,-41.8697,-73.8203,11.41,84,88,4.69,CL,1674542304
299,dudinka,69.4058,86.1778,-33.84,99,18,3.01,RU,1674542305
300,marakkanam,12.2,79.95,27.16,59,27,4.85,IN,1674542306
301,raga,8.4596,25.678,25.17,16,98,3.33,SS,1674542307
302,alice springs,-23.7,133.8833,37.75,15,15,1.54,AU,1674542066
303,isangel,-19.55,169.2667,28.25,80,100,1.93,VU,1674542310
304,waipawa,-41.4122,175.5153,14.58,72,51,3.02,NZ,1674542310
305,opuwo,-18.0607,13.84,17.83,87,100,1.65,NA,1674542311
306,ponta delgada,37.7333,-25.6667,15.4,77,75,5.66,PT,1674542311
307,bagdarin,54.4333,113.6,-22.66,69,71,0.73,RU,1674542315
308,balkhash,46.844,74.9804,-14.66,85,0,4.0,KZ,1674542316
309,dawson creek,55.7666,-120.2362,3.8,60,0,7.2,CA,1674542316
310,saint pete beach,27.7253,-82.7412,13.34,75,100,7.05,US,1674542318
311,iranshahr,27.2025,60.6848,11.19,25,0,2.06,IR,1674542318
312,paita,-5.0892,-81.1144,21.17,80,89,1.92,PE,1674542319
313,cairns,-16.9167,145.7667,31.17,75,75,2.57,AU,1674542320
314,hilo,19.7297,-155.09,23.49,93,40,1.54,US,1674542321
315,san ramon,37.7799,-121.978,11.23,63,0,1.54,US,1674542321
316,liku,-0.7275,119.8922,28.57,71,68,2.38,ID,1674542321
317,socorro,31.6546,-106.3033,3.56,79,100,4.12,US,1674542322
318,aksarka,66.5606,67.7975,-4.76,92,100,6.44,RU,1674542322
319,roald,62.5833,6.1333,9.51,81,75,5.66,NO,1674542323
320,umm kaddadah,13.6017,26.6876,21.39,16,8,8.78,SD,1674542324
321,oneida,43.2001,-75.4663,0.08,89,100,2.57,US,1674542324
322,atambua,-9.1061,124.8925,26.36,75,100,1.6,ID,1674542324
323,najran,17.4924,44.1277,18.36,27,3,1.31,SA,1674542325
324,awjilah,29.1081,21.2869,11.99,59,0,3.56,LY,1674542325
325,nikolayevsk-na-amure,53.1406,140.73,-30.61,97,100,1.65,RU,1674542326
326,hauterive,46.0901,3.4459,0.42,96,100,0.31,FR,1674542326
327,bredy,52.4153,60.3411,-11.53,91,15,1.55,RU,1674542326
328,lumby,50.2498,-118.969,-2.67,94,74,1.03,CA,1674542327
329,pudozh,61.8099,36.5345,-7.11,94,100,4.32,RU,1674542327
330,goundam,16.4145,-3.6708,19.44,15,7,4.04,ML,1674542327
331,senneterre,48.3835,-77.2328,-4.42,96,100,3.94,CA,1674542328
332,peleduy,59.6289,112.7406,-27.79,89,100,1.2,RU,1674542328
333,avdon,54.6667,55.7167,-9.38,92,100,0.0,RU,1674542328
334,mezen,65.8522,44.24,-10.33,90,100,5.11,RU,1674542329
335,hofn,64.2539,-15.2082,3.97,90,100,1.66,IS,1674542330
336,kralendijk,12.15,-68.2667,25.99,78,75,7.2,BQ,1674542330
337,haines junction,60.7522,-137.5108,-4.0,96,100,1.73,CA,1674542330
338,labytnangi,66.6572,66.4183,-6.32,88,100,4.56,RU,1674542331
339,zhaotong,27.3167,103.7167,4.38,45,96,1.84,CN,1674542331
340,dwarka,22.2394,68.9678,20.17,36,6,6.45,IN,1674542332
341,baoqing,46.3317,132.2111,-24.1,86,100,5.41,CN,1674542332
342,port macquarie,-31.4333,152.9167,26.05,74,53,5.22,AU,1674542098
343,campoverde,-8.4753,-74.8058,20.72,94,41,0.56,PE,1674542333
344,mangan,27.5167,88.5333,20.94,45,67,3.04,IN,1674542333
345,saint-louis,16.3333,-15.0,18.74,32,31,3.06,SN,1674542333
346,carutapera,-1.195,-46.02,23.49,93,100,2.74,BR,1674542334
347,cam ranh,11.9214,109.1591,26.98,74,40,7.2,VN,1674542334
348,along,28.1667,94.7667,24.39,28,100,0.84,IN,1674542335
349,codrington,-38.2667,141.9667,19.6,71,5,6.63,AU,1674542335
350,linfen,36.0889,111.5189,-7.1,19,0,1.31,CN,1674542336
351,jerome,42.7241,-114.5186,-4.54,81,100,4.63,US,1674542336
352,natal,-5.795,-35.2094,26.12,78,75,3.09,BR,1674542337
353,allapalli,19.4167,80.0667,31.3,26,6,2.35,IN,1674542337
354,primorsko-akhtarsk,46.0497,38.1747,1.76,76,6,7.27,RU,1674542338
355,solnechnyy,50.7214,136.6319,-30.78,96,100,1.23,RU,1674542338
356,sampit,-2.5333,112.95,28.8,80,100,1.95,ID,1674542338
357,joshimath,30.5667,79.5667,9.83,77,100,4.6,IN,1674542251
358,changli,39.7042,119.1506,-9.3,18,0,7.44,CN,1674542339
359,ust-maya,60.4167,134.5333,-44.56,99,93,1.11,RU,1674542340
360,masvingo,-20.0637,30.8277,24.24,58,98,1.75,ZW,1674542340
361,ormara,25.2088,64.6357,17.64,25,0,8.48,PK,1674542340
362,banda aceh,5.5577,95.3222,27.18,77,78,7.16,ID,1674542341
363,jinchang,38.4953,102.1739,-6.4,16,100,2.28,CN,1674542341
364,darjiling,27.0333,88.2667,12.84,41,41,3.25,IN,1674542150
365,sorong,-0.8833,131.25,28.05,73,100,2.62,ID,1674542342
366,bonavista,48.6499,-53.1147,1.55,96,100,16.66,CA,1674542342
367,kieta,-6.2167,155.6333,26.72,84,100,3.27,PG,1674542342
368,maridi,4.9158,29.4742,28.74,17,44,2.6,SS,1674542343
369,lusambo,-4.9667,23.45,23.79,85,96,1.28,CD,1674542343
370,vila velha,-20.3297,-40.2925,23.97,96,75,3.09,BR,1674542343
371,shenjiamen,29.9576,122.298,0.8,51,36,14.33,CN,1674542344
372,talant,47.3369,5.0089,3.19,87,100,3.09,FR,1674542345
373,vila,42.0304,-8.1588,-2.51,88,5,2.24,PT,1674542345
374,cabra,37.4725,-4.4421,1.48,80,31,2.12,ES,1674542346
375,bathsheba,13.2167,-59.5167,25.34,73,40,7.2,BB,1674542346
376,sao raimundo nonato,-9.0153,-42.6994,22.16,81,30,0.62,BR,1674542346
377,norman wells,65.282,-126.8329,-25.98,84,100,1.54,CA,1674542347
378,sisimiut,66.9395,-53.6735,-6.36,94,100,6.02,GL,1674542347
379,chenzhou,25.8,113.0333,9.26,48,90,4.73,CN,1674542348
380,bayshore gardens,27.4253,-82.5904,13.99,69,0,2.06,US,1674542348
381,kahului,20.8947,-156.47,23.8,82,75,1.54,US,1674542349
382,peniche,39.3558,-9.3811,4.69,83,0,2.85,PT,1674542349
383,clyde river,70.4692,-68.5914,-31.87,68,100,2.57,CA,1674542350
384,korem,12.5058,39.5228,14.55,42,99,2.31,ET,1674542350
385,los llanos de aridane,28.6585,-17.9182,14.86,70,40,4.47,ES,1674542112
386,adrar,20.5022,-10.0711,15.56,19,0,4.0,MR,1674542351
387,negara,-8.3151,114.6025,29.17,68,93,2.43,ID,1674542351
388,camocim,-2.9022,-40.8411,24.24,88,23,2.1,BR,1674542352
389,bentiu,9.2333,29.8333,29.45,19,100,3.58,SS,1674542352
390,antofagasta,-23.65,-70.4,18.6,88,16,1.97,CL,1674542352
391,tura,25.5198,90.2201,25.62,31,100,2.33,IN,1674542354
392,ust-kuyga,70.0167,135.6,-37.0,98,100,2.51,RU,1674542354
393,mayo,38.8876,-76.5119,4.43,67,100,4.12,US,1674542355
394,olafsvik,64.8945,-23.7142,5.47,93,100,6.56,IS,1674542355
395,chimore,-16.9833,-65.1333,22.61,98,100,0.37,BO,1674542356
396,constitucion,-35.3333,-72.4167,15.68,92,20,0.68,CL,1674542356
397,camabatela,-8.1881,15.375,18.12,93,96,1.22,AO,1674542356
398,porto velho,-8.7619,-63.9039,23.03,94,40,1.03,BR,1674542357
399,cheremukhovo,60.3484,59.9851,-6.47,85,47,1.72,RU,1674542357
400,chabahar,25.2919,60.643,16.51,26,0,2.48,IR,1674542358
401,dera ghazi khan,30.0561,70.6348,18.94,15,0,4.27,PK,1674542359
402,suez,29.9737,32.5263,16.33,77,0,4.86,EG,1674542359
403,carlisle,40.2015,-77.1889,2.8,67,65,1.79,US,1674542105
404,zaranj,30.9667,61.8833,4.98,37,0,6.75,AF,1674542361
405,margate,51.3813,1.3862,5.5,81,100,1.34,GB,1674541788
406,cookeville,36.1628,-85.5016,-0.2,95,12,0.45,US,1674542362
407,gamba,-2.65,10.0,26.27,80,93,1.8,GA,1674542362
408,mitsamiouli,-11.3847,43.2844,26.92,79,100,6.26,KM,1674542363
409,lavrentiya,65.5833,-171.0,-26.56,96,7,5.35,RU,1674542363
410,pierre,44.3683,-100.351,-7.49,79,20,0.0,US,1674542364
411,pitimbu,-7.4706,-34.8086,26.33,79,22,3.4,BR,1674542364
412,ambon,-3.6954,128.1814,32.08,62,40,6.17,ID,1674542364
413,ilo,-17.6394,-71.3375,21.82,88,100,4.01,PE,1674542365
414,narasannapeta,18.4167,84.05,28.5,36,41,3.67,IN,1674542365
415,san pedro,14.35,121.0167,32.57,43,40,5.14,PH,1674541777
416,mandalgovi,45.7625,106.2708,-17.32,47,99,5.62,MN,1674542366
417,port moresby,-9.4431,147.1797,28.68,79,40,5.14,PG,1674542366
418,camacha,33.0833,-16.3333,13.68,67,40,4.63,PT,1674542366
419,bonthe,7.5264,-12.505,23.31,91,65,2.19,SL,1674542367
420,kiomboi,-4.2667,34.3667,20.1,70,100,0.35,TZ,1674542367
421,daru,-9.0763,143.2092,28.51,74,100,3.11,PG,1674542367
422,boissevain,49.2306,-100.0559,-8.53,94,100,2.57,CA,1674542368
423,mildura,-34.2,142.15,29.48,48,0,5.64,AU,1674542132
424,teya,60.3778,92.6267,-21.14,94,100,1.36,RU,1674542369
425,lac du bonnet,50.2536,-96.0612,-16.97,98,100,0.86,CA,1674542370
426,lagoa,39.05,-27.9833,15.11,78,99,8.9,PT,1674542370
427,kampong thum,12.7111,104.8887,31.1,50,97,3.08,KH,1674542370
428,berlevag,70.8578,29.0864,1.0,93,75,18.01,NO,1674542371
429,taoudenni,22.6783,-3.9836,14.94,26,0,3.51,ML,1674542371
430,tukrah,32.5341,20.5791,13.73,48,0,2.0,LY,1674542372
431,sibay,52.7181,58.6658,-11.38,91,18,0.5,RU,1674542372
432,dunedin,-45.8742,170.5036,14.33,62,54,1.79,NZ,1674542373
433,nieuwpoort,51.1244,2.7735,2.79,84,100,4.12,BE,1674542373
434,bilibino,68.0546,166.4372,-25.55,77,100,2.06,RU,1674542373
435,mirpur khas,25.5251,69.0159,20.45,20,0,3.98,PK,1674542374
436,baie-comeau,49.2168,-68.1489,-7.18,86,0,3.6,CA,1674542374
437,milkovo,54.7167,158.6167,-23.95,96,26,1.26,RU,1674542374
438,igrim,63.1906,64.4162,-5.6,87,91,3.9,RU,1674542375
439,kulhudhuffushi,6.6221,73.07,26.31,72,100,2.74,MV,1674542375
440,sawtell,-30.3833,153.1,25.1,88,75,6.69,AU,1674542376
441,zhezkazgan,47.8043,67.7144,-11.01,79,100,7.0,KZ,1674542376
442,praia,14.9215,-23.5087,19.3,72,20,3.6,CV,1674542376
443,high level,58.5169,-117.136,-11.94,92,100,1.54,CA,1674542377
444,namatanai,-3.6667,152.4333,28.42,73,94,3.88,PG,1674542377
445,klamath falls,42.2249,-121.7817,-2.29,88,0,0.0,US,1674542377
446,wah,33.798,72.6957,12.6,65,94,2.81,PK,1674542378
447,juba,4.8517,31.5825,30.88,18,77,1.03,SS,1674542378
448,sawai madhopur,25.9833,76.3667,21.24,57,55,2.13,IN,1674542378
449,sitka,57.0531,-135.33,6.94,81,100,4.12,US,1674542379
450,cedeno,7.0464,-72.1634,20.48,71,31,2.24,CO,1674542379
451,sillod,20.3,75.65,27.15,35,35,4.85,IN,1674542380
452,bac lieu,9.285,105.7244,29.35,64,42,7.45,VN,1674542263
453,portland,45.5234,-122.6762,6.72,85,75,1.54,US,1674542380
454,puerto leguizamo,-0.1934,-74.7819,20.99,99,100,0.44,CO,1674542381
455,ternate,0.8,127.4,27.57,79,100,3.68,ID,1674542159
456,thabazimbi,-24.5917,27.4116,24.56,37,0,0.17,ZA,1674542381
457,port perry,44.1068,-78.9444,-0.39,85,100,6.13,CA,1674542382
458,bheramara,24.0232,88.9925,28.98,28,20,3.34,BD,1674542382
459,bodden town,19.2833,-81.25,25.52,80,4,1.34,KY,1674542382
460,torres,-29.3353,-49.7269,18.24,88,0,1.22,BR,1674542383
461,bhadrachalam,17.6667,80.8833,31.45,22,6,2.54,IN,1674542383
462,belmonte,-15.8631,-38.8828,24.99,86,94,3.52,BR,1674542384
463,bekescsaba,46.6833,21.1,3.86,90,100,1.85,HU,1674542384
464,silver city,32.7701,-108.2803,-2.4,67,40,3.09,US,1674542384
465,mataram,-8.5833,116.1167,32.45,68,100,4.47,ID,1674542333
466,innisfail,-17.5333,146.0333,28.14,74,38,2.8,AU,1674542385
467,gra liyia,35.0167,25.6833,12.85,80,0,0.89,GR,1674542385
468,airai,-8.9266,125.4092,19.21,82,100,1.1,TL,1674542386
469,itaituba,-4.2761,-55.9836,21.78,100,100,1.02,BR,1674542387
470,sinnamary,5.3833,-52.95,23.89,82,20,5.1,GF,1674542387
471,sagaing,21.8787,95.9797,30.75,17,9,3.35,MM,1674542387
472,pisco,-13.7,-76.2167,21.03,78,0,3.09,PE,1674542388
473,ushtobe,45.2514,77.9838,-9.54,72,100,3.59,KZ,1674542388
474,aleksandrov gay,50.147,48.5704,-5.42,61,12,2.41,RU,1674542388
475,khanpur,28.6453,70.6567,19.66,13,0,5.32,PK,1674542389
476,panama city,8.9936,-79.5197,26.58,80,100,3.09,PA,1674542389
477,troitsko-pechorsk,62.7084,56.1964,-11.56,97,100,3.04,RU,1674542389
478,cordoba,-31.4135,-64.1811,22.88,79,0,3.09,AR,1674542325
479,pandan,14.0453,124.1694,25.45,86,12,6.14,PH,1674542390
480,namibe,-15.1961,12.1522,24.08,79,94,1.88,AO,1674542390
481,kavaratti,10.5669,72.642,26.56,72,100,6.75,IN,1674542390
482,bealanana,-14.55,48.7333,21.54,80,87,3.85,MG,1674542391
483,puerto escondido,15.85,-97.0667,24.22,73,0,2.55,MX,1674542391
484,fukue,32.6881,128.8419,-1.8,80,75,7.2,JP,1674542392
485,nur,52.6683,22.3221,0.19,95,90,1.34,PL,1674542393
486,bani walid,31.7566,13.9942,10.27,83,92,1.97,LY,1674542393
487,san juan bautista,-14.0108,-75.7358,22.16,67,100,1.51,PE,1674542393
488,erzin,36.9559,36.2,14.23,49,0,0.71,TR,1674542394
489,coihaique,-45.5752,-72.0662,8.97,71,100,1.54,CL,1674542394
490,khangah dogran,31.8317,73.6231,20.39,34,91,3.37,PK,1674542394
491,maryborough,-25.5333,152.7,28.19,56,1,4.27,AU,1674542395
492,ugoofaaru,5.6667,73.0,24.21,83,100,3.87,MV,1674542395
493,miraflores,19.2167,-98.8083,14.46,80,9,1.77,MX,1674542395
494,torbay,47.6666,-52.7314,4.04,96,100,19.55,CA,1674542396
495,san angelo,31.4638,-100.437,9.19,46,100,7.2,US,1674542397
496,stornoway,58.2093,-6.3865,9.98,94,75,5.66,GB,1674542397
497,dhamrai,23.9202,90.2109,23.99,30,16,2.34,BD,1674542397
498,hualmay,-11.0964,-77.6139,21.11,81,100,2.77,PE,1674542398
499,vostok,46.4856,135.8833,-32.29,92,100,2.86,RU,1674542398
500,pontianak,-0.0333,109.3333,28.99,79,75,2.06,ID,1674542398
501,palmer,42.1584,-72.3287,0.28,78,100,4.12,US,1674542399
502,hangu,39.2489,117.7892,-6.98,13,0,7.77,CN,1674542399
503,wageningen,51.9667,5.6667,2.41,84,100,5.14,NL,1674542399
504,banon,40.8382,-1.1909,-3.41,74,0,0.0,ES,1674542400
505,camalu,30.85,-116.0667,11.12,36,0,1.99,MX,1674542400
506,corum,40.5,34.75,3.13,84,4,1.81,TR,1674542401
507,idil,37.3411,41.8895,2.96,70,0,3.09,TR,1674542401
508,nabire,-3.3667,135.4833,29.38,69,100,3.41,ID,1674542401
509,qaqortoq,60.7167,-46.0333,-2.79,96,100,3.95,GL,1674542402
510,hit,33.6416,42.8251,13.04,35,0,2.8,IQ,1674542402
511,asau,46.4333,26.4,-1.49,79,99,2.45,RO,1674542402
512,denpasar,-8.65,115.2167,32.81,66,20,4.63,ID,1674542403
513,cerqueira cesar,-23.0356,-49.1661,17.69,89,100,1.75,BR,1674542403
514,namtsy,62.7161,129.6658,-44.15,95,100,0.78,RU,1674542404
515,hami,42.8,93.45,-7.95,19,0,1.26,CN,1674542404
516,muyezerskiy,63.9333,31.65,-4.29,95,100,4.9,RU,1674542405
517,mayumba,-3.432,10.6554,26.4,80,100,2.14,GA,1674542405
518,cuenca,-2.8833,-78.9833,14.07,77,100,1.54,EC,1674542406
519,doha,25.2867,51.5333,20.99,75,75,2.06,QA,1674542028
520,sola,-13.8833,167.55,28.09,69,99,3.14,VU,1674542407
521,namwala,-15.7504,26.4384,18.42,97,100,3.48,ZM,1674542408
522,sakakah,29.9697,40.2064,9.76,66,0,3.75,SA,1674542409
523,panalingaan,8.7842,117.4231,26.05,82,100,7.13,PH,1674542409
524,tibati,6.4667,12.6333,22.38,23,100,0.42,CM,1674542432
525,auki,-8.7676,160.7034,25.02,90,100,1.41,SB,1674542434
526,manicore,-5.8092,-61.3003,22.27,99,88,0.43,BR,1674542434
527,galesong,-5.3166,119.3661,28.01,74,100,3.43,ID,1674542438
528,sabzevar,36.2126,57.6819,-1.4,59,0,3.09,IR,1674542367
529,mocuba,-16.8392,36.9856,28.36,64,80,5.01,MZ,1674542440
530,kumylzhenskaya,49.8809,42.5898,-5.38,75,53,2.81,RU,1674542444
531,dashitou,43.3067,128.5114,-23.75,78,100,6.9,CN,1674542445
532,huarmey,-10.0681,-78.1522,21.02,81,100,2.79,PE,1674542446
533,xunchang,28.4543,104.715,10.0,51,71,2.32,CN,1674542448
534,santa cruz de tenerife,28.4682,-16.2546,18.18,83,40,0.51,ES,1674542452
535,indramayu,-6.3264,108.32,28.8,73,100,7.31,ID,1674542354
536,talas,38.6908,35.5538,-3.63,80,0,1.54,TR,1674542456
537,boyolangu,-8.1181,111.8935,30.0,65,94,2.92,ID,1674542459
538,taltal,-25.4,-70.4833,19.48,84,31,0.33,CL,1674542461
539,poronaysk,49.2167,143.1167,-21.01,98,100,8.39,RU,1674542472
540,prata,-19.3072,-48.9242,19.29,96,100,2.1,BR,1674542475
541,conceicao do araguaia,-8.2578,-49.2647,21.99,96,29,1.46,BR,1674542448
542,lompoc,34.6391,-120.4579,6.99,83,0,3.6,US,1674542476
543,bosaso,11.2842,49.1816,24.99,69,0,4.12,SO,1674542476
544,san-pedro,4.7485,-6.6363,24.06,92,23,1.7,CI,1674542477
545,khabary,53.6259,79.5345,-9.14,94,100,5.6,RU,1674542477
546,alofi,-19.0595,-169.9187,26.94,83,11,1.54,NU,1674542479
547,chambas,22.1928,-78.9136,21.22,89,11,1.79,CU,1674542480
548,inuvik,68.3499,-133.7218,-22.52,77,75,1.54,CA,1674542481
549,ambilobe,-13.2,49.05,25.86,85,100,2.56,MG,1674542481
550,albanel,48.8832,-72.4487,-4.92,80,100,3.09,CA,1674542482
551,bologoye,57.8799,34.1068,-6.41,92,100,3.89,RU,1674542485
552,muroto,33.2833,134.15,2.6,68,27,17.59,JP,1674542493
553,canete,-37.8,-73.4,14.99,98,100,3.18,CL,1674542496
554,ajdabiya,30.7554,20.2263,11.75,60,0,4.52,LY,1674542499
555,putyatino,54.16,41.1169,-7.06,86,10,2.7,RU,1674542504
556,la rioja,42.25,-2.5,-3.12,96,100,2.81,ES,1674542504
557,thana,34.6369,72.0739,7.57,84,89,2.3,PK,1674542508
558,agadir,30.4202,-9.5982,6.25,66,0,0.6,MA,1674542375
559,preeceville,51.95,-102.6677,-12.27,96,100,3.49,CA,1674542512
560,samarai,-10.6167,150.6667,28.6,74,100,5.41,PG,1674542519
561,adeje,28.1227,-16.726,16.68,55,40,4.12,ES,1674542391
562,ahipara,-35.1667,173.1667,19.37,88,100,3.19,NZ,1674542530
563,detva,48.5608,19.4195,-1.39,84,88,2.0,SK,1674542441
564,chalchihuites,23.4833,-103.8833,4.73,71,100,6.1,MX,1674542533
565,koroni,36.8,21.95,11.71,75,5,1.91,GR,1674542534
566,mayya,61.7333,130.2811,-49.38,97,100,0.9,RU,1674542535
567,masuri,35.8488,128.1492,-10.17,45,69,7.61,KR,1674542536
568,uzventis,55.7803,22.6547,-4.96,97,100,2.11,LT,1674542552
569,mapiri,-15.25,-68.1667,20.12,99,100,0.68,BO,1674542553
570,sao filipe,14.8961,-24.4956,20.52,67,5,3.18,CV,1674542554
571,palmas bellas,9.2319,-80.0867,25.7,89,22,3.41,PA,1674542556
572,formosa,-26.1775,-58.1781,25.99,73,0,2.57,AR,1674542557
573,dumai,1.6833,101.45,23.63,95,100,1.32,ID,1674542559
574,akdagmadeni,39.6603,35.8836,3.5,59,0,0.55,TR,1674542561
575,havoysund,70.9963,24.6622,1.13,74,54,19.56,NO,1674542561
